species,mass,molecular_weight,GC_content
Ursus spelaeus,550.8,3207.7007000000003,43.771929824561404
Ursus arctos,203.5,3173.6845000000003,43.771929824561404
Ursus thibetanus,99.714,3143.6585000000005,45.614035087719294
Melursus ursinus,100.03,3143.6585000000005,45.17543859649123
Ursus americanus,110.56,3173.6845000000003,43.94736842105263
Helarctos malayanus,47.02,3143.6585000000005,44.29824561403509
Ailuropoda melanoleuca,118.2,3277.8335000000006,40.78947368421053
Tremarctos ornatus,140.7,3180.6754,44.3859649122807
Ursus maritimus,425.1,3207.7007000000003,44.29824561403509
